num parti,nom parti,année,immobilisations incorporelles,écarts d'acquisition,terrains et constructions,autres immobilisations corporelles,participations et créances rattachées,prêts à des partis ou groupements politiques,autres immobilisations financières,stocks et en-cours,créances clients et comptes rattachés,autres créances,valeurs mobilières de placement,disponibilités,charges constatées d'avance,total général (i + ii + iii),réserves,excédent ou déficit de l'exercice,provisions pour risques,provisions pour charges,emprunts et dettes auprès d'établissement de crédit,dettes fournisseurs et comptes rattachés,dettes fiscales et sociales,autres dettes,produits constatés d'avance,total général (i + ii + iii + iv),"communication (presse, publications, télévisions, publicité, sites internet, réseaux sociaux)",contributions versées aux candidats,contributions à des partis ou groupements politiques,achats de marchandises et variation de stocks,autres achats et autres charges externes,impôts et taxes,salaires et traitements,charges sociales,total iv,total vi,dotations aux amortissements et dépréciations sur immobilisations,dotations aux provisions,total des charges (ii + iv +vi + vii + viii + ix),cotisations des adhérents,cotisations des élus,aide publique 1ère fraction,aide publique 2nde fraction,dons de personne physique,dévolutions de l'excédent des comptes de campagne,dévolutions de partis ou groupements politiques,prestations de services (manifestations et colloques),"ventes de marchandises, productions vendue (biens et services), production stockée et production immobilisée",total iii,total v,"reprise sur amortissements, dépréciations, provisions et transferts de charges",total des produits (i + iii + v),excédent ou déficit d'ensemble,total flux,deputes
1,democratie et republique ,2008,0,0,0,0,0,0,0,0,0,0,0,20243,0,20243,0,-1007,0,0,0,0,0,0,0,20243,182000,0,15,0,0,0,0,0,0,0,0,0,187015,0,18294,148109,133477,17700,0,0,0,0,1905,0,0,186008,-1007,373023,0
40,front national,2008,24537,0,4198171,741272,14000,717658,93728,51399,0,432154,0,491857,105078,6869854,0,-2445428,624895,0,0,1398472,517312,150658,20895,6869853,459320,0,0,535656,2805990,269290,1112068,514935,222672,108459,0,0,6299633,528368,588709,1833060,0,116964,0,15000,196224,206599,45986,86966,163809,3854207,-2445426,10153840,0
52,parti radical de gauche,2008,0,0,76225,74503,0,0,73793,0,0,342548,0,547693,5761,1120523,0,35293,0,0,47112,184458,68345,192227,3421,1120523,127259,0,0,0,1365715,25016,175984,151703,13887,2196,0,0,2011904,157485,115472,1081767,578402,121499,1928,418225,22871,95534,18376,234,0,2047197,35293,4059101,0
76,parti socialiste,2008,245377,0,14048629,2574300,1348989,1767573,492160,37495,0,3169941,6553494,11089958,276772,43828039,0,17139,325770,5604172,4765262,3411002,3484994,6180379,355383,43828040,4210924,0,0,2980479,16480733,1113355,11374928,5027410,368984,306408,0,0,59149713,12369123,13166686,22702818,12457890,1697237,66198,89885,739962,3359598,470816,712047,2192099,59166852,17139,118316565,0
95,union pour la democratie francaise,2008,118898,0,2123280,586205,15265,108992,15799,0,0,189564,19348,342950,4253,3524554,0,-859999,0,0,33532,60163,291821,8057,0,3524555,43413,0,0,0,653329,191665,1007467,583442,38212,55723,0,0,3055004,570,58405,0,0,21810,2326,0,14335,1927861,4232,9131,77949,2195004,-860000,5250008,0
104,les verts,2008,23465,0,0,2221669,103665,0,401382,37091,0,242764,40360,2004392,399,5167954,0,439834,327791,18715,2831744,12902,28184,434653,374438,5167943,197815,0,0,139039,1600842,83688,1114236,593327,125920,194490,0,0,4726927,784306,1539873,1838699,400432,232463,4097,6000,128265,286247,23892,158579,81592,5166761,439834,9893688,0
401,ump,2008,299944,0,1146947,1224247,0,1319305,934604,71244,0,672342,655430,4659159,165639,11148861,0,10304529,973455,655234,22194568,3301948,1786362,597882,125774,11148861,6539734,0,0,0,17364272,1015360,6359912,3062138,1361545,72720,0,0,41803641,5437415,1721280,34484473,21400876,7409001,239278,178332,686444,1043872,63816,102616,313417,52108172,10304531,93911813,0
455,la france en action,2008,0,0,0,4020,0,0,1000,20896,0,1700,0,1029,0,28645,0,-215078,0,0,0,4147,11566,1323127,0,28645,16593,0,0,18165,99408,253,0,0,83605,954,0,0,232194,9905,0,0,0,1451,0,0,0,0,0,2507,0,17116,-215078,249310,0
529,mouvement democrate,2008,0,0,0,3045,0,48500,508,0,0,13032,179541,112119,14391,371136,0,877814,0,0,199453,27604,1401,185621,0,371138,666317,0,0,11205,3514762,7270,0,9521,6500,224,0,0,4741354,944323,74264,4058850,1290282,166763,4957,0,169199,163773,14678,0,0,5619168,877814,10360522,0
531,nouveau centre,2008,8084,0,0,55652,0,0,15348,0,0,181646,0,102363,7917,378490,0,221687,0,0,365479,85696,81983,1034,0,378490,331301,0,0,7207,380170,24798,318686,117179,12105,0,0,0,1295448,75625,44178,0,0,37815,98,1194060,94116,71234,0,0,0,1517135,221687,2812583,0
1,democratie et republique,2009,0,0,0,0,0,0,0,0,0,0,0,25263,0,25263,0,5020,0,0,0,0,0,0,0,25263,54000,0,0,0,0,0,0,0,0,0,0,0,353700,0,18294,322707,0,17200,0,0,0,0,519,0,0,358720,5020,712420,21
40,front national,2009,16171,0,4198172,607398,14000,492442,77162,0,0,163240,0,450140,15168,6033893,0,-863883,624895,0,0,733577,740672,174023,10197,6033890,480537,0,0,155325,2083781,280039,651006,263971,347084,261520,0,0,4981146,401458,555797,1838651,0,84750,0,28600,181469,561707,13323,448666,2844,4117265,-863881,9098411,0
52,parti radical de gauche,2009,0,0,76225,47705,0,0,79862,0,0,145265,187227,577830,6615,1120729,0,284195,0,0,21,123264,49481,45317,230,1120729,77837,0,0,17964,1402096,20017,133778,107020,3316,26368,0,0,1847874,148794,253532,1516950,1012106,91814,0,0,19265,80091,8996,12627,0,2132069,284195,3979943,0
76,parti socialiste,2009,307755,0,14799903,3321684,1449915,734690,467980,25952,0,2840757,9826705,12516445,270987,48248971,0,2126448,464899,7870625,5316692,2459649,3756999,6924180,273743,48248971,3396523,0,0,2045418,18148990,1205168,11928928,5433010,394949,410465,0,2160904,54998343,9762941,15275343,23212398,12937355,446773,10594,14080,625320,4991805,318794,771413,1352017,57124791,2126448,112123134,204
95,l'union pour la democratie francaise,2009,117028,0,4694500,338353,15250,66037,6728,0,0,14038,0,39800,6833,5298567,0,948981,0,0,0,35000,227475,963057,0,5298567,0,0,0,0,308147,158059,1028828,518349,331,0,0,0,2872671,1450,13237,0,0,0,0,0,0,0,1500455,600,93752,3821653,948982,6694324,0
104,verts,2009,12450,0,0,2326055,73606,0,330585,3746,0,278722,180214,1904487,3737,5267169,0,461398,272778,3560,2492825,197340,37828,531450,370454,5267168,169441,0,0,233745,2052593,154612,1073721,600739,119233,760303,0,0,6115532,934219,1865494,1838695,396041,206783,64,0,414606,648223,24250,485781,154430,6576932,461400,12692464,0
455,la france en action,2009,0,0,0,1976,0,0,1000,15589,0,3331,0,2153,0,24049,0,-268343,0,0,0,0,3663,1465215,0,24049,54511,0,0,18736,108776,504,10924,5075,91061,8606,0,0,311162,8240,0,0,0,14810,0,0,0,0,0,0,0,42819,-268343,353981,0
401,l'union pour un mouvement populaire,2009,1060946,0,1366994,1086005,0,1268223,898706,72673,0,688809,470294,5910574,121133,12944357,0,10169636,943155,827004,12676531,3981129,2002846,737876,114374,12944356,8854498,0,0,0,18633885,1255303,7250360,3595712,266215,35253,0,0,43849371,5886030,1749918,33452186,20330130,7168555,42738,140611,989423,3553935,61926,206025,393854,54019008,10169637,97868379,313
529,mouvement democrate,2009,0,0,84515,60996,15,86843,9222,0,0,307969,33337,768894,15767,1367558,0,-97951,0,0,812371,94357,4181,16905,0,1367558,945586,0,0,11001,4077475,42236,7565,12766,6459,39454,0,0,5731051,510753,42973,3745114,968101,231487,338,0,230487,454613,10251,28479,0,5633100,-97951,11364151,0
531,association psle - nouveau centre,2009,3027,0,0,47189,0,0,15411,0,0,159674,0,372685,29607,627593,0,326208,0,0,100739,238626,110944,6777,0,627592,557515,0,0,71316,539156,32388,440283,136488,5182,0,0,0,1850738,164985,68047,0,0,111911,0,1379553,123525,71084,0,0,0,2176945,326207,4027683,25
1,democratie et republique,2010,0,0,0,0,0,0,0,0,0,0,0,13762,0,13762,0,-11501,0,0,0,0,0,0,0,13762,80000,0,0,0,0,0,0,0,6,0,0,0,466446,18294,0,409416,394743,26500,0,0,0,0,735,0,0,454945,-11501,921391,21
40,front national,2010,0,0,4194641,515645,14000,492572,97720,0,0,252253,0,551001,25076,6142908,0,-3009633,972682,0,0,868135,1051571,179456,10320,6142907,463919,0,0,137056,1587736,229251,680325,251875,201036,3688904,0,0,7561539,1004890,542717,1838367,0,119936,0,66892,386356,420625,11345,32600,128178,4551906,-3009633,12113445,0
52,parti radical de gauche,2010,0,0,76225,51129,0,0,79862,0,0,104039,0,1123936,19937,1455128,0,391520,0,0,38,63970,56373,41447,0,1455128,39968,0,0,20174,1219855,21109,138662,103794,2139,19675,0,0,1675541,115713,238229,1250392,745626,74087,0,250045,47756,0,4731,4435,0,2067061,391520,3742602,0
76,parti socialiste,2010,401105,0,14520275,3678412,940397,307450,1305492,33599,0,3611451,8179107,14947596,264800,49785771,0,139976,315224,10281155,3979204,2343529,3773333,7677941,252465,49785770,3406836,0,0,1471937,15785449,1352304,13090116,5932691,220179,340437,0,2463809,54887190,9360704,15111522,23212255,12938798,886840,80,34312,707404,2981575,267275,745114,942223,55027166,139976,109914356,205
95,union pour la democratie francaise,2010,115158,0,4605102,272278,15250,73589,5986,0,0,5170,0,32705,5800,5131038,0,-63809,0,0,0,35859,200463,885488,0,5131036,0,0,0,0,51385,139996,902989,412212,9403,344,0,0,1673672,5730,8228,0,0,0,0,0,0,0,0,0,0,1609864,-63808,3283536,0
104,europe ecologie les verts,2010,29789,0,0,2248433,156218,0,293340,1596,0,190855,255735,3496962,28461,6922403,0,97071,221954,515787,2013631,549566,1114381,531184,7369,6922404,192518,0,0,551326,3421608,304870,1708177,934528,89720,167352,0,0,8684388,1044544,2065467,1793314,350883,439467,2937,1073,245567,2987212,16400,148320,0,8781458,97070,17465846,0
401,union pour un mouvement populaire,2010,861218,0,21852159,2477662,0,1344832,902872,51641,0,2374293,486958,5034056,344202,35729893,0,4610088,1038737,597124,28405731,4895135,3593797,778705,111829,35729894,6063426,0,0,0,20106037,1337320,7618209,3613015,539448,1884076,0,0,45362121,5519672,1751632,33339645,20219613,7050357,32845,205565,497786,747546,71598,100819,202882,49972209,4610088,95334330,333
455,la france en action,2010,0,0,0,1122,0,0,1000,13981,0,0,0,1783,2857,20743,0,-291247,0,0,1488,0,0,18783,0,20743,22464,0,0,6364,135128,353,18784,9574,96524,136,0,0,299809,1870,0,0,0,900,0,0,573,2609,0,2610,0,8562,-291247,308371,0
529,mouvement democrate,2010,0,0,84515,53251,15,215373,6363,0,0,80701,463275,732056,7737,1643286,0,-1009144,58388,0,2015202,120597,7481,11715,0,1643286,468133,0,0,0,2767452,29893,24510,23672,3203,83,0,0,6058614,351993,32305,4004673,1228089,229833,2208,0,117177,209120,848,1983,0,5049470,-1009144,11108084,0
531,association psle - nouveau centre,2010,28151,0,0,43666,0,0,15462,0,0,56747,0,252344,15620,411990,0,-213013,0,0,126625,200853,78062,48958,0,411990,469613,0,0,80036,880911,37332,467790,164634,2965,602,0,0,2361268,178130,155022,0,0,229981,0,1418776,72292,43744,3413,0,0,2148255,-213013,4509523,28
1,democratie et republique,2011,0,0,0,0,0,0,0,0,0,0,0,67870,0,67870,0,37958,0,0,0,0,0,16150,0,67870,50000,0,0,0,0,0,0,0,0,0,0,0,591350,18294,0,585459,570808,24684,0,0,0,0,871,0,0,629308,37958,1220658,21
40,front national,2011,122,0,59760,458555,14000,706700,101242,0,0,1314989,0,964297,37394,3657059,0,5956610,58439,0,0,474976,512298,411020,0,3657059,658450,0,0,201190,2213699,157238,477062,210911,1212354,147630,0,0,5908569,1406035,577760,1835199,0,262666,0,95000,319787,82416,28097,5538435,1334093,11865179,5956610,17773748,0
52,parti radical de gauche,2011,0,0,76225,53518,0,0,80169,0,0,61624,241645,618450,16896,1148527,0,-420206,0,0,45411,110559,65228,55872,180,1148527,961602,0,0,11382,874722,28187,154358,123115,2032,19025,0,0,2485176,124288,268890,1382180,878166,74735,353,118257,45665,29576,10576,10325,125,2064970,-420206,4550146,0
76,parti socialiste,2011,443292,0,15028446,3941490,1023544,1342931,420594,33329,0,3253353,7865452,13979248,219450,48974262,0,-4566349,313500,12468939,4779373,2538281,4267058,7250570,425599,48974263,7251826,0,0,1815463,18237780,1530542,14502547,6692013,221602,251487,0,2238666,64407316,9411894,15537179,23255001,12996863,2976812,29704,26652,3778467,2480787,419723,269833,794920,59840965,-4566351,124248281,206
95,union pour la democratie francaise,2011,113288,0,4515703,207876,15250,74081,5620,0,0,25200,0,448,6643,4964109,0,-75361,0,0,0,40684,231895,757665,0,4964109,1860,0,0,0,56906,95728,672353,338193,9409,0,0,0,1330120,1170,7227,0,0,0,0,0,0,0,3,4915,0,1254759,-75361,2584879,0
104,europe ecologie les verts,2011,22248,0,0,2408129,194953,0,412262,2366,0,163131,43577,2265479,10621,5785668,0,19984,390852,20595,3311734,732895,453789,476211,2764,5785669,345837,0,0,643137,3727701,32622,1651046,917751,135157,326798,0,0,8592113,1621588,2445512,1835455,395175,317418,4486,0,259927,1229225,27280,315859,517179,8612097,19984,17204210,0
401,union pour un mouvement populaire,2011,1177271,0,35806464,5223459,0,1083179,926343,55808,0,1334342,396934,7662528,484703,54151031,0,282615,1317555,585246,43912164,6996386,3814097,841330,104203,54151035,11130038,0,0,0,23591901,1585752,8062817,3949678,668475,58118,0,0,52853247,5670022,1745736,33122661,20022193,10281536,75826,16361,696987,1082093,131798,67618,22800,53135862,282615,105989109,321
455,la france en action,2011,0,0,0,909,0,0,1000,13602,0,0,0,3027,2676,21214,0,-275328,0,0,11525,633,0,14903,0,21214,41701,0,0,3719,123981,1478,0,0,101912,1350,0,0,283265,410,0,0,0,5920,0,0,0,291,0,0,1316,7937,-275328,291202,0
529,mouvement democrate,2011,0,0,84515,233524,15,106070,6910,0,0,428536,392649,680164,23403,1955786,0,1145563,65918,36,1165998,79686,31892,35818,0,1955787,547854,0,0,0,2544497,66045,97656,43892,28042,628,0,0,3990586,394381,27371,3826244,1053800,289462,1205,0,146934,285911,21266,1055,55000,5136150,1145564,9126736,0
531,association psle - nouveau centre,2011,37741,0,0,31191,0,0,15698,0,0,410325,0,166790,2794,664539,0,-710689,405000,0,401089,219859,107338,19250,0,664539,337086,0,0,55464,798721,44836,518719,198585,5177,5621,0,0,2490404,131845,89020,0,0,69822,0,1379426,100235,0,0,338,0,1779713,-710691,4270117,25
1,democratie et republique,2012,0,0,0,0,0,0,0,0,0,0,0,109717,0,109717,0,57997,0,0,0,0,0,0,0,109717,46500,0,0,0,0,0,0,0,0,0,0,0,511860,18294,0,520663,506740,13353,0,0,0,0,1397,0,0,569857,57997,1081717,35
40,front national,2012,15833,0,59760,537651,14000,1658683,97070,0,0,166071,0,604254,125123,3278445,0,-2744076,58439,0,0,581936,865488,1056968,0,3278445,1163936,0,0,569094,2947185,234340,1382460,538740,140710,136181,0,0,8964433,1576027,535018,1744403,0,260796,0,77000,475728,130175,37032,78587,462105,6220357,-2744076,15184790,0
52,parti radical de gauche,2012,0,0,76225,68055,0,0,80169,0,0,217638,169761,496713,17188,1125749,0,-282808,0,0,324036,114756,84969,26406,40,1125749,744176,0,0,12867,854033,31613,181564,149427,4061,1446,0,0,2363289,149717,251469,1323533,844567,78535,4285,178181,25918,45258,6920,5874,8334,2080481,-282808,4443770,17
76,parti socialiste,2012,354184,0,15849933,3634651,1134449,13061844,482492,32930,0,3106563,7359148,13052662,287878,59936079,0,-6828721,598241,5133804,28521125,3120694,4317329,7196320,482167,59936079,5558063,0,0,1817492,22565578,1628231,14547257,6742603,388435,307379,0,391000,70281939,10196223,15861551,22881373,13133018,625462,11775,28766,691795,2893005,281271,181166,9141463,63453218,-6828721,133735157,449
95,union pour la democratie francaise,2012,111418,0,4476563,144065,15250,74062,1287,0,0,68211,0,3885,1281,4896022,0,22408,0,0,0,31095,213427,695227,0,4896022,0,0,0,0,66226,159837,1333677,656798,9409,169859,0,0,2537888,790,6476,0,0,2170,0,148130,0,0,250140,0,0,2560296,22408,5098184,0
104,europe ecologie les verts,2012,27867,0,0,2665396,85172,0,327835,1890,0,159869,58486,1961846,31431,5666893,0,-1478004,547347,47703,3150120,487117,560275,424282,4878,5666893,367259,0,0,1070660,2692339,147805,1714630,942783,210270,270089,0,0,9295720,1262602,2592644,1959902,591197,373738,3618,300,175226,946199,21101,319840,19445,7817716,-1478004,17113436,0
401,union pour un mouvement populaire,2012,1696537,0,35412866,6082543,230,1113179,990825,61830,0,11761916,207390,11100307,311458,68739081,0,-39567223,1999091,1152121,96384505,3725511,4440786,3884411,115888,68739081,33329182,0,0,0,39060362,1591784,7786320,4055420,2082284,401513,0,0,97891059,5647881,1551240,30143114,17693680,9412172,174299,58615,617723,10018427,156872,105838,56339,58323836,-39567223,156214895,499
455,l'alliance ecologiste independante,2012,0,0,0,551,0,0,1000,5402,0,1500,0,4006,2245,14704,0,-333145,0,0,136,94,0,14309,0,14704,73489,0,0,12698,144483,371,0,0,109917,121,0,0,345928,5320,0,0,0,3657,0,0,0,435,0,3371,0,12783,-333145,358711,0
529,mouvement democrate,2012,0,0,84515,205357,15,70682,7536,0,0,80414,46166,339740,5614,840039,0,-635437,85452,0,607700,129570,63254,14033,0,840039,420297,0,0,0,2355913,71289,122972,71939,77776,8440,0,0,5246221,317012,18110,3563689,929024,247028,6711,0,93496,288229,18101,2109,33388,4610784,-635437,9857005,0
531,association psle - nouveau centre,2012,21174,0,0,38566,0,0,15698,0,0,163552,0,167351,4904,411245,0,-250212,5000,0,648127,225190,65983,37102,0,411245,204951,0,0,24028,780822,28476,367462,139428,25668,7200,0,0,2140385,95105,80758,0,0,65066,0,1153722,28898,51415,147,1900,405000,1890173,-250212,4030558,24
1,democratie et republique,2013,0,0,0,0,0,0,0,0,0,0,0,106504,0,106504,0,-3213,0,0,0,0,0,0,0,106504,63000,0,0,0,0,21,0,0,0,0,0,0,311321,0,18294,271580,249774,14853,0,0,0,0,3381,0,0,308108,-3213,619429,15
40,front national,2013,6158,0,59760,530315,14000,1491377,127914,0,0,174329,0,1231070,7890,3642813,0,-651126,40000,0,0,1337162,1095116,41890,0,3642813,1508994,0,0,969228,3775866,273699,2081405,832273,155429,47640,0,0,10070886,2061394,499475,5543646,83258,258250,0,105000,555197,102140,39478,8951,44316,9419760,-651126,19490646,0
52,parti radical de gauche,2013,0,0,76225,104054,0,0,80369,0,0,62921,221627,610180,39243,1194619,0,247411,1800,0,1021,246089,69708,53628,0,1194619,720220,0,0,18036,901137,30686,178820,150210,10109,16328,0,0,2152322,180121,266569,1682091,1123984,114727,1153,31324,46326,42600,3329,11550,18000,2399733,247411,4552055,17
76,parti socialiste,2013,426008,0,16261493,4205430,1131541,891452,556243,31076,0,3903268,6590971,15241372,283576,50801058,0,952640,364189,8934004,14125079,3755016,4418489,7281105,281690,50801058,6182880,0,0,1408262,14784451,1629684,14436646,6576242,526794,521090,0,2425500,59747925,9032051,16289317,28480743,17359311,861540,1395,30601,665585,2423489,288380,705409,1421854,60700565,952640,120448490,254
95,union pour la democratie francaise,2013,109548,0,4380761,108979,15250,71572,1287,0,0,1337415,0,19154,0,6043966,0,1416861,0,0,0,18572,100260,552000,0,6043966,0,0,0,0,64021,49981,222401,131343,9322,0,0,0,609827,1331,5073,0,0,7470,0,146570,0,0,0,1460700,0,2026688,1416861,2636515,0
104,europe ecologie les verts,2013,21372,0,0,2492762,67868,0,230099,2490,0,346526,116644,2777450,45255,6366907,0,917000,599454,34331,2549021,902824,418122,353021,1805,6366907,385475,0,0,288558,2974562,136069,1643212,962482,215655,254341,0,0,7669132,1291779,2754248,3521793,1207242,262208,63,3410,187534,140586,24609,167342,168085,8586132,917000,16255264,0
401,union pour un mouvement populaire,2013,1228156,0,34811596,5202595,0,318247,897936,55003,0,1635192,170205,5729148,449720,50497798,0,3107422,1435501,713649,76161705,4172075,3936068,4009872,111566,50497798,3506342,0,0,0,11408016,1337394,6044166,2869458,2896317,11787507,0,0,42898627,4716124,1563984,19870310,13113149,16903020,35747,38197,593959,1002087,84930,34604,1053053,46006049,3107422,88904676,197
455,l'alliance ecologiste independante,2013,0,0,0,193,0,0,1000,4326,0,1500,0,5692,5921,18632,0,-29800,0,0,0,828,5174,9649,0,18632,30989,0,0,1739,41099,439,13051,2781,110986,358,0,0,202132,4030,0,157511,0,7770,0,0,0,986,0,2035,0,172332,-29800,374464,0
529,mouvement democrate,2013,0,0,84515,190851,15,84682,5837,0,0,53356,685891,381103,4104,1490354,0,1424,42530,0,95124,53035,19615,1338596,0,1490354,250231,0,0,0,958291,68363,97893,54386,16201,43315,0,0,1841231,286726,15560,0,0,142226,1594,946249,93710,228384,3210,33473,42922,1842655,1424,3683886,0
531,association psle - nouveau centre,2013,9255,0,0,37602,0,0,16384,0,0,133022,0,213853,5454,415570,0,94366,5000,0,1043085,226767,69977,55769,0,415570,140595,0,0,13407,509840,28223,295699,120277,27398,1006,0,0,1402449,103665,97117,1159570,582807,85883,0,0,3200,0,0,0,0,1496815,94366,2899264,0
709,union des democrates et independants,2013,0,0,0,118523,0,0,112650,0,0,606477,0,80249,34996,952895,0,-108493,0,0,568995,156472,84228,518657,0,952895,965436,3822,0,24978,154008,46996,466017,175235,14373,35,0,0,2356153,193498,0,0,0,89052,0,1851000,70407,4005,0,39688,0,2247660,-108493,4603813,28
1,democratie et republique,2014,0,0,0,0,0,0,0,0,0,0,0,77374,0,77374,0,-29130,0,0,0,0,0,0,0,77374,66500,4000,0,0,0,0,0,0,12,0,0,0,274512,0,15000,94221,74561,15987,0,119298,0,0,856,0,0,245382,-29130,519894,15
40,front national,2014,6308,0,59760,529389,14000,2129638,144482,0,0,223317,0,4861324,154645,8122863,0,-1134640,0,0,5999430,1184782,810497,143817,0,8122863,2039747,0,0,597604,4677946,247042,2136812,992812,241860,96625,0,0,11382400,2098347,465803,4997614,74561,305773,0,115000,542334,141948,81476,24001,40000,10247760,-1134640,21630160,0
52,parti radical de gauche,2014,0,0,76225,69560,0,0,80369,0,0,86142,594822,239013,18886,1165017,0,22838,1800,0,76,161822,98932,57486,150,1165017,577288,0,0,12169,872297,24138,231013,198030,1364,10377,0,0,2114215,149540,204865,1547040,1043854,106611,9523,28243,12095,76770,2225,141,0,2137053,22838,4251268,19
76,parti socialiste,2014,399591,0,16110212,3974979,1164639,2088544,483759,30655,0,5197816,5500992,14943234,358343,52121668,0,-2375277,502457,10560081,15783868,4276377,4648956,6282036,780067,52121668,4058875,0,0,1341382,14027954,1517386,15524221,7097209,488564,125079,0,2190300,60743100,7185494,12962219,25498420,15471405,2112356,48547,136180,641326,5902986,240157,184751,2474793,58367823,-2375277,119110923,273
95,union pour la democratie francaise,2014,107683,0,4284672,78303,15250,70033,1287,0,0,1257747,0,1742,0,5816717,0,-42917,0,0,0,26500,0,460000,0,5816717,0,0,0,0,36650,11364,0,0,9273,0,0,0,185916,1470,5073,0,0,0,0,112450,0,0,6,0,0,142999,-42917,328915,0
104,europe ecologie les verts,2014,22173,0,2255210,815459,71256,0,388714,1292,0,419119,213370,2470261,13309,6670163,0,311735,348741,73816,2405955,916309,370352,499791,2300,6670163,328868,0,0,276629,2547938,144631,2009574,882773,188959,67907,0,0,7635509,1212040,2110666,3167918,1081134,285051,123,2500,138446,643330,12416,71076,296635,7947244,311735,15582753,0
401,union pour un mouvement populaire ,2014,553221,0,34202681,4369230,0,584347,190722,50207,0,649556,164017,7786201,319469,48869651,0,4214668,1065703,830156,73432636,2797297,2085702,4248912,97092,48869651,3312605,0,0,0,9109200,1116701,5871960,2686177,2835022,819992,3300442,0,30925135,6241697,1618353,18133815,12041600,4772128,233280,50218,330489,1397343,76196,1261756,238164,35139803,4214668,66064938,199
455,l'alliance ecologiste independante,2014,0,0,0,41,0,0,0,2982,0,5108,0,7426,4441,19998,0,-190464,0,0,0,57518,0,12025,0,19998,247947,0,0,2550,45966,222,14469,5612,31705,0,0,0,353462,8805,0,139429,0,10288,0,0,0,4476,0,0,0,162998,-190464,516460,0
529,mouvement democrate,2014,0,0,84515,166493,15,1274085,5914,0,0,117036,700212,287648,19594,2655512,0,-253351,108377,0,1365563,117397,140335,1235737,0,2655512,267612,0,0,0,532218,42611,524784,276164,43849,8483,0,0,2372457,291308,16772,0,0,226518,61,837791,77870,242780,16091,423,8822,2119106,-253351,4491563,0
531,association psle - nouveau centre,2014,3901,0,0,19653,0,0,922,0,0,150186,0,243661,2964,421287,0,-50375,5000,0,1118222,214759,79484,45219,0,421287,186691,0,0,13335,317002,12979,286240,120356,26211,65007,0,0,1410282,87559,69259,1041933,521927,113685,1960,25000,2490,0,36,15200,0,1359907,-50375,2770189,0
709,union des democrates et independants,2014,4398,0,265003,56575,455,0,86787,0,0,90436,0,580872,2718,2497806,0,-313819,0,0,2760447,130650,230296,65536,0,2497806,637661,0,0,46622,265113,59291,692584,247994,82157,207,82104,0,2777380,156420,18100,0,0,160364,13398,1779305,43547,268193,0,10223,0,2463561,-313819,5240941,30
1,democratie et republique,2015,0,0,0,0,0,0,0,0,0,0,0,51784,0,51784,0,-25590,0,0,0,0,0,0,0,51784,54000,0,0,0,0,0,0,0,0,0,0,0,225000,0,15000,57179,37525,6500,0,120080,0,0,651,0,0,199410,-25590,424410,15
40,front national,2015,14290,0,59760,0,14000,3976772,152017,0,0,0,2062878,0,152149,7636050,0,-2905453,0,0,9399030,1722145,510006,493711,0,7636050,2358785,0,0,793810,5112108,266256,2375728,912486,627550,19169,0,0,13968408,2370040,451189,5071695,150100,492047,0,229000,461246,121280,211610,37369,54859,11062955,-2905453,25031363,0
52,parti radical de gauche,2015,76225,0,0,38835,0,0,80369,0,0,74600,580110,296816,21328,1168283,0,-44803,1800,0,0,199571,110116,56848,0,1168283,502721,0,0,31863,786608,32796,289968,250339,1147,21686,0,0,2205334,137442,214671,1478686,975649,81758,23,178235,26435,20458,21494,0,0,2160531,-44803,4365865,18
76,parti socialiste,2015,692869,0,16332920,3175810,1050983,3169639,549911,26424,0,3861253,5299894,12971586,335784,48987140,0,39838,619489,9748880,12581105,3151479,5161585,6442977,509323,48987140,5264615,0,0,1155854,12831507,1539796,15009872,7010873,362879,313680,0,2106439,54848902,7568908,11968614,24883929,14859883,937600,11141,25507,704787,3129328,210876,705358,3741376,54888740,39838,109737642,280
95,union pour la democratie francaise,2015,105817,0,4259340,55311,15250,68295,1287,0,0,1266345,0,4632,0,5776277,0,56460,0,0,0,21600,0,368000,0,5776277,0,0,0,0,14193,0,0,0,9126,0,0,0,73508,410,4453,0,0,0,0,101086,0,0,19,0,0,129968,56460,203476,0
104,europe ecologie les verts,2015,231230,0,0,2589181,59594,0,770725,1292,0,579820,310627,1956620,20253,6519342,0,1158292,163869,210490,1868285,518701,488292,614605,5370,6519342,249803,0,0,370423,2039203,115567,2028673,961366,164149,201302,0,200000,7589180,1002399,2110634,3136865,1050699,409390,3691,9000,112420,1243931,8724,103707,592923,8747272,1158092,16336452,0
401,les republicains,2015,526417,0,33550971,3603738,0,388047,150688,28245,0,1612041,145310,11816786,233193,52055436,0,6532895,1216381,2775822,67718381,3177536,2119089,4052359,144645,52055436,2768144,0,0,0,9251592,1244240,5039175,2366377,2732688,626412,4209510,0,29464288,4665393,2932752,18511173,12420761,8005529,23131,60244,315028,596450,87767,559482,141705,35997183,6532895,65461471,200
455,alliance ecologiste independante,2015,0,0,0,0,0,0,0,5318,0,1020,0,3703,2839,12880,0,-53746,0,0,0,7802,0,6415,0,12880,142341,0,0,1059,27011,0,0,0,33115,0,0,0,206588,3670,0,139388,0,9734,0,0,0,50,0,0,0,152842,-53746,359430,0
529,mouvement democrate,2015,0,0,84515,145364,15,131796,103469,0,0,74170,320023,293245,13790,1166387,0,-148006,99096,0,68616,122614,117419,1218545,0,1166387,229896,0,0,0,532898,53002,379500,197698,16175,0,0,0,1759422,244011,35484,0,0,182040,321,784793,74588,192070,10591,4354,15844,1611416,-148006,3370838,0
531,association psle - nouveau centre,2015,431,0,0,14569,0,0,922,0,0,120118,0,155824,6298,298162,0,58751,0,5000,586709,586468,64036,44570,0,298162,62077,0,0,7152,204884,9340,239799,100824,19458,414360,0,0,1735972,84910,64455,1157776,637924,80030,0,0,2375,0,2,169,405000,1794723,58751,3530695,0
709,union des democrates et independants,2015,51589,0,232682,38142,0,0,87451,0,0,151263,0,158844,8078,755312,0,424171,0,0,606502,221978,121936,70000,0,755312,127607,0,0,0,539205,33077,452360,175500,27077,4025,0,0,3008435,242252,164522,0,0,249924,2709,2647708,33866,21468,2,58441,0,3432606,424171,6441041,28
1,democratie et republique,2016,0,0,0,0,0,0,0,0,0,0,0,32556,0,32556,0,-18515,0,0,0,0,0,0,0,32556,97850,0,0,0,0,0,0,0,0,0,0,0,215450,0,15713,57093,37443,4000,0,119817,0,0,312,0,0,196935,-18515,412385,15
40,front national,2016,11199,0,59760,552413,14000,2314333,177126,0,0,1217541,0,1735652,140773,6222797,0,-1322398,30660,0,9399030,1480849,537766,1228516,0,6222797,1270658,0,0,549896,5050935,335561,2595930,1114103,667985,604827,0,0,13771462,2406679,1271950,5070355,149772,857038,0,162860,433445,114752,67920,438832,31115,12449064,-1322398,26220526,0
52,parti radical de gauche,2016,0,0,76224,16830,0,0,80521,0,0,21748,0,1003481,14616,1213420,0,214881,16800,0,0,78089,90458,13244,0,1213420,377271,0,0,23866,742607,28159,248525,216146,2092,20147,55647,0,1975959,120600,180072,1588784,1085850,73536,0,178229,25931,18000,970,153,2076,2190840,214881,4166799,19
76,parti socialiste,2016,577333,0,16698895,2603970,1064342,816040,513029,13677,0,2466468,4204062,17762036,1274294,49668201,0,-2727996,667690,12516831,13714899,3378045,4331315,6855107,343040,49668201,5810756,0,0,925539,10577594,1414740,13327199,6220174,294802,358143,0,2235113,49000806,5683899,11110807,24924343,14902359,675955,0,12085,317033,1531138,168678,654949,738611,46272810,-2727996,95273616,290
95,union pour la democratie francaise,2016,103952,0,4232169,47300,15250,66288,1287,0,0,1276945,0,2452,0,5745643,0,64967,0,0,0,18000,0,276000,0,5745643,0,0,0,14528,0,0,0,0,9164,0,0,0,60740,620,0,0,0,0,0,101087,0,0,0,0,0,125707,64967,186447,0
104,europe ecologie les verts,2016,251431,0,0,1466985,27991,0,277180,1292,0,105789,0,5014801,18048,7163517,0,2438139,493649,20256,1001501,309283,596561,399509,5961,7163517,232931,7971,0,161115,1795221,324841,1229802,772543,173044,1016162,0,200000,6679864,872437,1376090,2797156,711419,400318,397,1160,0,200203,10108,3299367,141483,9118003,2438139,15797867,0
401,les republicains,2016,321935,0,32900570,2981986,0,162147,150778,20603,0,1088806,157778,14952154,216937,52953694,0,10060964,1172678,877009,61699446,3144358,1888709,3152130,90402,52953694,3419981,0,0,0,8618321,1243050,5054783,2464633,2439431,409131,0,0,27075152,3961555,3353884,18595159,12506000,7450350,7848,61342,284317,666856,58787,267513,2084423,37136116,10060964,64211268,205
455,alliance ecologiste independante,2016,0,0,0,0,0,0,2970,5018,0,0,0,286,9211,17485,0,-50558,0,0,2683,0,20380,8215,0,17485,23385,0,0,2222,46439,389,47129,20031,33077,0,0,0,207262,3360,0,139360,0,13958,0,0,0,26,0,0,0,156704,-50558,363966,0
529,mouvement democrate,2016,0,0,84515,128588,15,74053,103478,0,0,34762,319479,353503,13394,1111787,0,-27700,17763,0,76976,176890,116848,1210914,0,1111787,288243,0,0,0,523258,57716,398971,203965,6934,44567,0,0,1750644,211107,55579,0,0,136898,0,839003,76361,274537,8253,1401,92533,1722944,-27700,3473588,0
531,les centristes,2016,11281,0,0,12844,0,10000,2502,0,0,114286,0,201428,5194,357535,0,288899,5000,0,353321,616374,49927,43680,0,357535,161350,0,0,9613,175064,3141,211704,82956,10527,0,0,0,1086277,45160,65392,1193721,673976,62842,0,0,6850,0,2,0,0,1375176,288899,2461453,0
709,union des democrates et independants,2016,33752,0,200360,24628,505,1000,87334,0,0,227676,0,239870,4167,819292,0,612905,0,0,194712,114514,126838,30000,5428,819292,74899,0,0,0,574026,36703,494313,190905,404471,6744,79929,0,2370764,131533,285165,0,0,130928,0,2216117,52254,102972,10,64117,0,2983669,612905,5354433,29
910,en marche,2016,3600,0,0,20538,0,0,18695,0,0,1043863,0,2063951,100173,3250820,0,2199168,0,0,0,656627,309791,85234,0,3250820,1433462,0,0,0,1514181,5949,604872,234391,0,70,0,0,3795846,0,0,0,0,4962730,0,0,0,1032191,0,0,0,5995014,2199168,9790860,0
40,front national,2017,3786,0,59760,437023,14000,10399027,178383,0,0,323504,0,3045944,161377,14622804,0,-7883411,1092660,0,9399030,2360705,495862,3448871,0,14622804,3530115,0,0,664790,7291234,358343,3222065,1394124,1560455,107313,0,0,22931828,1857394,1092399,5074684,150925,960007,0,0,362226,77469,320448,98397,30109,15048417,-7883411,37980245,0
52,parti radical de gauche,2017,0,0,2200,68332,0,0,80521,0,0,50719,0,1115320,8824,1325916,0,13977,0,0,5199,46773,154154,90984,0,1325916,437616,0,0,25007,660989,27786,255765,219811,1553,95494,0,0,2092328,71475,119710,1597461,1094203,80678,706,178247,11326,3434,1442,24162,17000,2106305,13977,4198633,18
76,parti socialiste,2017,587270,0,16593100,2077789,1113535,9882190,740930,13378,0,2654809,3980669,18025436,225173,56525814,0,-5382462,750965,7624966,32199054,1979271,3971810,7142460,117079,56525814,6611240,0,0,832220,12836415,1486634,13690131,6183039,560523,954275,0,165500,61262062,3788426,8783334,24819060,14790606,582011,8360,0,175333,5130320,88799,849986,11308156,55879600,-5382462,117141662,320
95,union pour la democratie francaise,2017,102087,0,4204998,45038,15250,66288,1287,0,0,1282775,0,1852,0,5719575,0,67232,0,0,0,16700,0,184000,0,5719575,0,0,0,0,18560,0,0,0,9260,0,0,0,59119,815,450,0,0,0,0,101086,0,0,0,0,0,126351,67232,185470,4
104,europe ecologie les verts,2017,251431,0,0,1433248,48230,0,794287,1286,0,132128,406440,2613705,0,5680755,0,16556,152744,40500,763386,340397,546944,286518,0,5680755,193506,0,0,137546,1388213,69829,1120332,537493,49133,569025,0,40500,5797038,676847,1193726,2803975,716892,250434,1620,0,0,374317,9949,62876,438185,5813594,16556,11610632,0
401,les republicains,2017,250380,0,32289999,2411340,495,2307560,140134,17430,0,1083714,228558,12635095,144783,51509488,0,7254660,899000,1032906,54907873,2294727,1699973,2397630,94907,51509488,2350125,0,0,0,9459287,1325078,6133734,2845022,2310251,54044,0,0,29466487,2758480,2921809,18657558,12564469,8239292,34295,1054655,193380,445133,47739,432766,120315,36721147,7254660,66187634,295
455,alliance ecologiste independante,2017,0,0,0,0,0,0,0,3227,0,0,0,2995,2683,8905,0,-508028,0,0,0,0,751,7839,0,8905,515146,0,0,2816,42960,1547,57895,13876,36719,0,0,0,677899,3905,0,139450,0,24775,0,0,0,6,0,1735,0,169871,-508028,847770,21
529,mouvement democrate,2017,0,0,84515,105325,15,25400,103478,0,0,79843,15545,247501,11125,672747,0,-634058,0,0,181026,275183,141137,1197063,0,672747,494735,0,0,0,611306,74477,556593,254978,5331,8854,0,0,2241800,229436,52407,0,0,109681,2099,804188,100209,194702,6770,4521,17763,1607742,-634058,3849542,59
531,les centristes,2017,2366,0,0,5357,0,10000,2502,0,0,105281,0,362019,5525,493050,0,435632,8503,0,100000,583740,32423,44519,0,493050,118565,0,0,3765,117422,1620,207416,80256,2698,5889,0,0,799134,22885,56770,1123779,603698,29420,0,0,1425,0,1,0,0,1234766,435632,2033900,0
709,union des democrates et independants,2017,0,0,169968,14860,505,0,87334,0,0,454718,0,608997,1541,1337923,0,804654,0,0,1778,69728,113964,0,0,1337923,106038,0,0,0,510365,37501,512014,222107,868645,0,0,0,2694319,90406,205589,0,0,30116,5495,2251679,18333,100550,766798,30000,0,3498973,804654,6193292,45
910,la republique en marche,2017,3660,0,0,24997,0,0,183894,0,0,20795,152,1159389,73410,1466297,0,-5751096,0,0,2451778,1041409,1207609,319429,0,1466297,2948263,0,0,0,11150167,347737,3702738,1489393,1308,40398,0,0,20084869,0,0,0,0,10014588,33063,0,0,4285767,0,0,0,14333773,-5751096,34418642,267
976,la france insoumise,2017,0,0,0,2418,0,266301,5489,0,0,0,0,27413,0,315131,0,-695567,0,0,0,586773,59408,14517,0,315131,1087749,0,0,20724,1375327,1227,79606,30259,0,3107,0,0,2885314,0,0,0,0,1540005,1975,0,335066,306583,0,0,0,2189747,-695567,5075061,17
40,rassemblement national,2018,3849,0,59760,336347,14000,726201,140623,0,0,1379207,0,2231549,152972,5389229,213480,-2409719,110645,96885,9399030,5097484,1064927,320194,0,5389229,669691,0,0,0,1305739,313122,2566746,982080,2253862,1424513,170028,30395,14099743,1103430,919376,4881805,298244,995214,0,0,291676,36938,162995,2241436,0,11690024,-2409719,25789767,0
52,parti radical de gauche,2018,0,0,0,36389,0,0,83614,0,0,4441,0,739517,3884,867998,1028806,-285000,0,11695,17,17220,43231,52029,0,867998,35725,0,235093,0,202014,18043,158994,168968,2056,18645,26448,11695,1143107,0,44259,199361,596488,13526,2163,0,0,0,823,1487,0,858107,-285000,2001214,0
76,parti socialiste,2018,551417,0,15100387,4501132,1010004,9019,200535,11593,19488,2117549,12396140,22730169,143350,59602201,12606055,35915495,568235,2277622,1654395,3465645,2144268,3941559,4440,59602202,102052,444816,197660,134203,4469281,1111996,10605629,4625636,1811051,10131337,1012002,195549,43020117,3329604,6653917,2618430,3802611,321406,96785,77195,977831,1000713,204644,51239092,8295971,78935611,35915494,121955728,30
95,union pour la democratie francaise,2018,100221,0,4177827,482906,15250,0,1287,0,0,96000,0,990553,0,6901426,2467864,1133507,0,0,0,157043,0,92000,0,6901426,0,0,24000,0,10263,0,0,0,9581,0,31297,0,107659,780,1800,0,0,0,0,0,0,0,0,1100000,0,1241166,1133507,1348825,4
104,europe ecologie les verts,2018,61369,0,758660,733724,16287,0,36723,1286,11123,64200,311747,3474214,4771,5515404,0,571674,22764,0,633249,191102,185013,184078,0,5515403,0,12238,50,360,574548,87004,1006544,368246,25028,119328,334554,17600,3339667,623638,1050175,1270252,149122,136846,152,0,12077,93356,7970,31370,535167,3911341,571674,7251008,0
401,les republicains,2018,540444,0,31631842,1796026,0,102216,120175,13491,100254,759494,293339,10346386,175034,46249343,-11788091,402598,1158963,866441,49581819,2629142,1646008,1142848,75999,46249342,764546,42000,171420,7939,4552333,1142475,4599307,2153796,1990164,68700,1428905,325802,22213957,2486155,2616497,3923415,9021880,3266701,11273,0,188629,491492,11302,24688,439938,22616556,402599,44830513,101
455,alliance ecologiste independante,2018,0,0,0,9610,0,0,0,3211,0,0,0,3992,2331,9534,-4696386,43411,0,0,0,492,0,7500,0,9534,0,0,0,4670,0,0,0,0,37816,0,0,0,76155,1150,0,105919,0,12435,0,0,0,0,0,62,0,119566,43411,195721,22
529,mouvement democrate,2018,0,0,84515,86676,15,0,3496,0,53605,21249,1342042,682900,15823,2330323,-1121662,2025343,0,0,126535,160030,148553,15001,0,2330323,73889,135324,117532,0,461569,93658,631497,308610,34167,13361,29050,0,2470965,163230,45975,1840186,2013147,81464,153,0,70476,218260,2007,5360,58,4496308,2025343,6967273,59
531,les centristes,2018,1062,0,0,6036,0,0,10812,0,0,37899,0,281889,2909,453416,0,350411,0,11533,0,203456,14808,49343,0,453416,26264,0,0,0,57202,1364,101711,43976,0,0,4687,3030,455189,8520,0,0,0,18660,0,0,2465,0,1,270000,0,805600,350411,1260789,0
709,union des democrates et independants,2018,0,0,140239,15242,505,0,90231,0,0,66022,0,1286133,99101,1698139,0,256937,3695,0,172,204745,62640,13575,0,1698139,392611,396910,360000,4843,254417,34729,481359,194660,270000,0,40532,0,3336064,116185,139927,0,0,27030,65,0,3200,148127,176,22066,395109,3593001,256937,6929065,18
910,la republique en marche,2018,3660,0,0,41787,0,0,271671,0,316175,169535,152,6181926,142494,7160703,0,7592218,0,5860,5470,1300722,1763619,107571,0,7160703,989374,10071,75493,0,3521025,470062,5012700,2205415,284953,6066,8324,5860,16287853,0,0,10100658,12414405,1005607,14718,0,0,334624,0,0,9140,23880071,7592218,40167924,272
976,la france insoumise,2018,0,0,0,17307,305,0,5184,0,18157,0,0,1430688,0,1718989,-695567,2129850,0,0,0,200514,79334,4857,0,1718989,0,76505,141059,24152,1413349,15375,320945,127629,45738,3244,3837,0,3211856,0,0,4422222,0,538124,2088,0,126928,30000,106797,0,0,5341706,2129850,8553562,17
40,rassemblement national,2019,5824,0,179213,169210,14000,746643,146404,0,0,1256431,0,1426939,236222,4349482,205531,-368235,799538,97399,9291530,4265325,1266294,313456,0,4352481,486577,0,1500,0,1038246,338114,2363141,998047,1138937,913780,85258,0,10653920,1134162,929917,4875869,296954,700179,0,1938,107525,31341,129545,60582,0,10285684,-368236,20939604,0
52,parti radical de gauche,2019,0,0,0,35906,0,0,73400,0,0,6652,0,728164,8035,852311,0,-1626,0,12878,898,64186,30402,1766,0,852311,23505,0,85398,823,136148,6263,116570,95853,851,2193,6905,1183,760177,0,13035,260549,445431,32958,0,0,0,0,344,6230,0,758550,-1626,1518727,0
76,parti socialiste,2019,473065,0,14886172,4598050,681789,0,214766,10821,618696,1349935,5392671,21749842,179570,55172580,4973725,-4895487,591353,1952062,3382754,1955142,1883434,3046041,560,55172580,84298,758155,274200,42556,5374666,819176,6452215,2860266,163969,744970,1148127,408556,26963387,3022111,6028649,2615246,3489212,521916,11788,287,95880,1873448,376847,2028949,1444842,22067899,-4895487,49031287,29
95,union pour la democratie francaise,2019,98355,0,4150655,897590,15250,0,1286,0,0,120000,0,368719,0,6674438,6652382,4056,0,0,0,18000,0,0,0,6674438,0,0,30000,0,2014,0,0,0,9086,0,33586,0,128094,340,1800,0,0,0,0,0,0,0,0,4924,0,132150,4056,260244,1
104,europe ecologie les verts,2019,27919,0,758660,687761,11859,0,57442,1286,19105,357470,344789,2648476,276949,6489025,0,760404,18642,0,535006,152895,237657,351829,30000,6489024,0,41294,3290,0,758400,47154,972786,374177,3294,37175,260020,0,3669502,840144,1078227,1268708,148477,257131,0,0,107668,71910,10512,47279,251880,4429908,760406,8099410,0
401,les republicains,2019,213596,0,868621,168836,510,100000,2726626,5415,21096,815412,263601,13519809,113665,20381166,-11385492,10264246,1618000,954721,13235896,2585427,1602781,1172552,2286,20381166,1007537,10500,186379,17301,4173603,1319882,4779307,2018911,3745566,32578391,474547,792034,60200524,1593395,2375127,3918643,9019985,3313682,0,0,182781,501839,11307,46006733,1942380,70464770,10264246,130665294,101
455,alliance ecologiste independante,2019,0,0,0,0,0,0,0,3407,0,0,0,2847,3054,9308,-4652975,65423,0,0,0,30,0,0,0,9308,359,0,7100,261,6304,0,17686,5841,36374,0,0,0,85995,1260,23880,105791,0,20425,0,0,60,0,2,0,0,151418,65423,237413,22
529,mouvement democrate,2019,0,0,84515,181157,15,0,3506,0,127703,6142,2486278,524889,249,4529454,903681,802564,0,0,1129310,277842,204032,1302,0,4529454,170876,22262,652226,0,654358,98467,727650,331252,5375,0,59932,0,3836132,184131,46039,1837949,2041561,96090,0,0,85240,269270,8970,3095,3326,4638696,802564,8474828,58
531,les centristes,2019,431,0,0,3670,0,0,10812,0,0,36882,0,289489,1846,456541,0,-20286,0,17388,244,214436,22645,47836,0,456541,6856,0,0,0,120406,2467,105230,43770,5000,0,3633,856,519065,10990,8916,0,0,42934,0,0,182,0,0,17625,0,498779,-20286,1017845,0
709,union des democrates et independants,2019,0,0,0,146024,419,0,90231,0,26800,37920,0,682944,1277,986887,0,-1047968,25000,6198,2763,86369,124210,376984,0,986868,1897266,2458551,377000,2130,367268,43567,635185,270596,36,9400,49222,27503,6801664,66005,154791,0,0,56858,0,0,2315,159512,680,1709,2432862,5753696,-1047968,12555360,19
910,la republique en marche,2019,3660,0,0,1912464,0,0,288479,0,132937,537124,152,4356883,295213,11111682,0,4732485,28800,12356,0,1371395,1087024,4343,0,11111682,868496,1601927,22300,0,4612324,714618,6161192,2278812,50004,4013,17666,35296,23310821,0,302700,10088376,12286482,1617163,0,0,168870,393582,13834,0,251155,28043307,4732485,51354128,275
976,la france insoumise,2019,0,0,0,27773,305,0,10116,0,13487,8512,0,2116433,0,4317330,1415938,2678978,0,0,0,108040,88897,3629,0,4317330,294791,29153,220013,5965,327944,13777,558757,202328,0,68514,13339,0,3036348,0,1007,3746611,705266,461420,0,0,83308,42487,12564,300,662353,5715327,2678978,8751675,17
40,rassemblement national,2020,5751,0,59760,250966,14000,498339,116013,0,0,1186990,0,2914475,175968,5411583,206431,586397,436591,73405,8163972,2666543,1474589,258111,0,5411583,545194,10000,0,0,901073,292341,1742149,683444,1028760,196477,66389,0,8749990,1384853,996104,4884420,260116,708653,1152,0,27199,10404,153468,499649,0,9336386,586396,18086376,0
52,parti radical de gauche,2020,0,0,0,32643,0,0,73400,0,7950,52001,571285,0,7912,745345,0,-105078,8000,13803,0,32824,51211,2405,0,745345,40066,47376,206105,163,79682,14152,177799,145068,950,403,7698,8925,1020119,16500,14885,230218,594551,43681,2323,0,0,0,169,111,0,915040,-105078,1935160,0
76,parti socialiste,2020,316259,0,14762360,3938602,765447,497,84656,72151,595970,1718156,3009492,21103862,189164,48900480,3957534,-3738744,481614,1509081,1180347,2198743,2211055,2597261,2545,48900480,116085,704248,75279,45013,3662059,757540,6198933,2628483,83225,451828,1158987,401518,22185266,2427555,5333837,2619833,3381510,866090,11175,98026,794238,685086,128750,700861,723238,18446525,-3738741,40631791,34
95,union pour la democratie francaise,2020,96490,0,4123484,655732,15250,0,1286,0,0,144000,0,253973,0,6310223,6656438,-369214,0,0,0,23000,0,0,0,6310223,0,0,92000,0,722,0,0,0,0,51464,223692,0,395414,400,1800,0,0,0,0,0,0,0,0,0,0,26200,-369214,421614,0
104,europe ecologie les verts,2020,27918,0,758660,635936,13497,0,57703,1286,83826,155630,1833,3865083,61716,7158114,0,927534,20590,0,470021,141315,263077,27363,15000,7158114,0,330490,29011,2501,1085064,50619,1678641,747259,30463,147916,251075,0,5260865,1047114,1339229,1270932,148637,351027,2559,0,32439,263466,3497,32929,166414,6188400,927534,11449265,0
401,les republicains,2020,254919,0,727599,244725,510,100000,2723704,3690,6710,817631,213691,15556528,109369,20961902,-1121106,3221286,356816,1038159,12704403,2027203,1533126,970734,0,20961902,718853,150690,90000,1907,2700125,1118075,4279237,1859417,506656,478323,242855,183204,17935400,1311260,2166868,3925516,8955428,2593024,811,0,54809,182458,2478,488211,1281375,21156686,3221286,39092086,114
455,alliance ecologiste independante,2020,0,0,0,0,0,0,0,3110,0,1000,102,3928,23255,31396,0,63991,0,0,0,48,3026,6120,0,31396,1421,0,10100,297,40418,406,2967,848,35872,0,0,0,209909,1380,47760,105976,0,11555,0,0,0,0,0,0,0,273900,63991,483810,22
529,mouvement democrate,2020,0,0,0,143028,15,0,3515,0,75585,0,4097341,506399,39082,4982966,1743767,1640945,0,0,84682,316852,237077,419,0,4982966,172263,139574,439996,0,640721,110601,772708,360820,12858,197710,117234,0,3765831,174893,48612,1841172,2675480,138201,1736,0,0,33260,26817,333797,0,5406777,1640945,9172608,59
531,les centristes,2020,431,0,0,1241,0,0,8850,0,0,1475,0,226282,1143,249814,0,-80176,0,17931,350,75028,22642,60050,0,249814,16995,5000,0,0,54313,1245,104022,46338,0,30,2429,547,455458,7160,5448,0,0,7900,0,0,1359,0,0,0,0,375282,-80176,830740,0
709,union des democrates et independants,2020,0,0,0,111728,3505,0,111231,0,7450,110403,0,1259019,118067,1721403,0,935367,32149,7504,454,195847,148898,53630,0,1721403,177167,55326,414000,1288,195193,37922,572312,233849,1298,13,47677,8456,2409215,64253,118240,0,0,40178,0,0,75200,161166,401,458,0,3344582,935367,5753797,21
910,la republique en marche,2020,4040,0,0,16526720,0,0,291204,0,169447,559531,152,7989015,207746,26137017,8972113,7764766,53000,19734,7657514,1175470,810085,59713,0,26137017,101598,300338,129323,0,2739692,588756,5173813,2173527,78958,868,18448,94733,17013579,0,526737,10106068,12113982,1408102,94536,0,13850,384005,9366,0,115785,24778346,7764766,41791925,281
976,la france insoumise,2020,0,0,0,32603,381,0,160756,0,30834,4850,0,5942866,123750,6595097,4117160,2127918,0,5479,0,110018,173691,8932,40015,6595097,298539,244908,247891,38498,261616,48015,683773,245379,0,1252,17455,5479,3425602,0,16442,4459212,0,883353,107,0,109010,46116,13315,2001,23738,5553521,2127918,8979124,17
40,rassemblement national,2021,0,0,59760,496602,14000,501689,168348,0,0,2453884,0,1811007,226812,7298039,206431,-2771917,2292720,35691,7345317,2094362,797448,990870,0,7298039,1208768,305091,0,0,991026,255870,1592562,635025,1091145,2983234,70565,0,12325387,1382652,975208,4880580,297598,631047,1158,0,16416,10310,97312,277062,97952,9553471,-2771917,21878858,0
52,parti radical de gauche,2021,0,0,0,31160,0,0,73500,0,2600,2060,0,362797,7723,498993,0,-258832,8000,14793,0,40225,56729,978,0,498993,33103,16038,228218,0,69658,13950,176567,148830,562,5732,5796,990,1056121,16860,26321,230037,446396,67534,741,0,0,0,172,353,0,797289,-258832,1853410,0
76,parti socialiste,2021,278165,0,13601050,3718060,519634,106058,87511,71153,837721,1271299,2702238,19567859,136154,45910846,3606732,-1691171,482034,925487,1171168,1615660,2040151,2245221,2812,45910847,222975,1006027,156423,39678,4249364,709750,5942913,2570950,87288,992108,1043726,281208,22609049,2759942,5496152,2618793,3273575,545939,6533,61960,1457687,353668,112028,1447373,1973403,20917878,-1691171,43526927,30
95,union pour la democratie francaise,2021,94625,0,4096313,748433,15250,0,1287,0,0,168000,0,234074,0,6220996,6287223,-321227,230000,0,0,25000,0,0,0,6220996,0,0,0,0,739,0,0,0,0,0,90575,230000,347952,890,1800,0,0,0,0,0,0,0,0,35,0,26725,-321227,374677,0
104,europe ecologie les verts,2021,0,0,758860,1281020,12150,0,79860,1286,20250,20624,0,4755748,95142,16110258,0,1707598,74444,0,7300031,215194,246808,61211,0,16110258,0,214483,405186,6400,1618786,62860,1851311,682335,96484,2958,149602,0,6983981,1094270,2452196,1269932,892794,227900,0,0,113400,226771,3997,343707,277248,8691579,1707598,15675561,0
401,les republicains,2021,195984,0,646899,220821,525,100000,3040646,5338,0,1015826,334792,17248963,234386,23562324,2100180,1389046,149999,973588,12696222,3646669,1530849,944487,0,23562324,2566413,459838,12000,5691,3918877,1120020,4198777,1869816,438464,27666,268477,165308,22311076,3354479,2331720,3922429,9188329,3630955,4927,0,47379,82060,9768,13156,938738,23700122,1389046,46011198,105
455,ecologie au centre,2021,0,0,0,0,0,0,0,4120,0,0,103,2217,4134,10576,0,31373,0,0,0,0,1135,11160,0,10576,0,20400,6100,-1010,37672,-1915,1091,633,34704,0,0,0,144193,1080,33445,105892,0,20920,0,0,0,0,0,0,0,175567,31373,319760,23
529,mouvement democrate,2021,0,0,0,85551,15,0,3888,0,76544,14769,4215294,675653,25320,6288217,3384712,819632,670000,0,39640,293776,275244,150,0,6288216,298026,233683,660700,0,871580,112890,791335,339161,2354,0,59734,670000,4763410,120079,35873,1839724,3124775,142485,5939,0,89804,182687,29853,10322,0,5583043,819632,10346453,59
531,les centristes,2021,431,0,0,59,0,0,8850,0,0,1417,0,90469,3277,117022,0,-130074,0,18467,64,78048,32693,44008,0,117022,307,93000,0,0,70829,1389,108966,46975,0,0,1181,537,550287,7280,10310,0,0,6180,0,0,845,0,0,0,0,420212,-130074,970500,0
709,union des democrates et independants,2021,1521,0,0,109891,3505,0,114231,0,11173,40158,0,1986112,17538,2288551,0,735512,32149,8962,0,81058,118453,27920,0,2288551,212905,34935,360500,2198,267054,43038,631453,247583,30000,6559,47909,1458,2802738,69330,131182,0,0,51611,0,0,13357,263951,324,0,67180,3538250,735512,6340988,20
910,la republique en marche,2021,4590,0,21952544,8291031,0,0,29672,130467,921450,379726,197,6796564,248681,45400321,17130750,6018176,50000,26281,19636092,2109288,1201652,7150,0,45400321,17998,131234,104271,27740,4740083,1366354,6900779,2955234,207816,40863,356096,379532,24696487,0,587889,10098122,10862316,4709512,2277,0,240745,1320848,1606,0,1095857,30714664,6018176,55411151,273
976,la france insoumise,2021,0,0,0,152194,381,0,170484,0,356060,3074984,0,3089078,6139,7229871,6256960,463390,144005,11952,0,187150,157709,8704,0,7229871,453310,79721,208948,628,866019,78215,883404,309756,0,8846,42725,155957,5707559,0,17249,3750231,632395,956146,6915,0,153705,279627,0,0,374677,6170949,463390,11878508,17
1344,horizons,2021,27727,0,0,0,0,0,0,0,0,0,0,305455,4917,338099,0,302442,0,0,0,35656,0,0,0,338099,0,607,0,0,22301,9568,0,0,0,0,460,0,56953,162480,22080,0,0,169564,0,0,0,0,0,0,607,359396,302442,416349,0
40,rassemblement national,2022,164151,0,59760,415400,14000,71514,97973,372,213155,1040757,0,4637155,244182,9059970,206431,-2892404,4572064,30455,6476425,795781,557652,898211,0,9059970,851781,10000,0,-372,1017193,210360,1736144,663037,1692461,2751922,108898,0,12728644,1541962,1021350,4880356,299219,604456,23,0,52568,35038,127210,314409,110750,9836239,-2892404,22564883,89
52,parti radical de gauche,2022,0,0,0,25541,0,0,513,0,9000,1613,0,225468,6594,273409,0,-175211,13000,0,0,53376,2928,1047,0,273409,306136,54055,73621,0,45494,8143,170798,127408,1091,2186,5618,5000,1014023,13980,31456,230027,374023,124460,5728,0,0,0,238,405,14793,838811,-175211,1852835,0
76,parti socialiste,2022,163500,12554,13864317,3219951,343573,57668,81725,67392,161091,1060343,2026092,19258561,165434,42784321,-1468679,-2534341,170895,1214331,1462879,1515867,1567051,1913708,704,42784321,62862,1309930,171557,50974,3167408,704846,5006931,2012616,89910,1485797,1031076,158264,19885248,2017166,4900399,2617653,3328807,334592,10467,17205,710420,164115,570147,1388388,776743,17350907,-2534341,37236155,59
95,union pour la democratie francaise,2022,92760,0,4069142,722418,95245,0,1287,0,0,208877,0,113338,0,6166080,6065996,-191362,230000,0,0,20000,2075,39371,0,6166080,8774,0,30500,0,3769,0,38367,15481,15,0,90945,0,220208,390,1800,0,0,0,0,0,0,2653,0,0,0,28846,-191362,249054,0
104,europe ecologie les verts,2022,3292,0,1990894,281264,139699,20000,50240,1278,45853,396441,336353,11576482,59306,16692091,2066802,802032,68440,4806,7182528,245974,238883,646636,-5000,16692091,97600,3346190,361894,2011,1445860,49824,1508561,562566,100648,181633,102572,7000,9385209,1026084,2707212,1269875,897656,1995182,8227,0,48360,174251,28275,65956,981362,10187242,802032,19572451,20
401,les republicains,2022,123351,0,578036,219845,20075,100000,2738360,14189,0,570317,203047,9128961,47386,15245507,3485587,-6084780,50000,839745,12687515,1925155,1390846,920005,150,15245507,1033803,5960086,225000,-7327,3560905,1155443,4386299,1994525,571354,20791,262032,122650,29706122,2067294,1878445,3922250,9126167,2971095,40900,0,74743,21324,13992,36270,3378383,23621342,-6084780,53327465,160
455,ecologie au centre,2022,0,0,0,0,0,0,0,1778,0,0,105,3898,0,5780,0,46848,0,0,0,0,2,6720,0,5780,0,0,12200,2343,16692,81,5251,2091,33931,0,0,0,88243,1390,7856,105888,0,19955,0,0,0,0,2,0,0,135091,46848,223334,22
529,mouvement democrate,2022,0,0,0,49777,15,0,3898,0,101327,21888,5811613,571586,13488,6688040,4204345,439560,670000,0,70767,291092,207292,0,0,6688040,231557,42082,1473736,0,907575,48822,908945,468437,2462,20000,41020,0,5205747,120449,24776,1839640,3216600,63522,0,0,68091,204100,44189,3931,0,5645308,439560,10851055,113
531,les centristes,2022,431,0,0,0,0,0,8850,0,0,1417,0,111255,5968,144598,0,14775,0,18008,1380,85851,35101,45652,0,144598,13107,800,0,0,53540,817,98577,41339,0,0,60,0,425882,2300,13674,0,0,9250,5790,0,0,0,0,460,11230,440658,14775,866540,0
709,union des democrates et independants,2022,988,0,0,87188,3504,0,115832,0,21010,49708,0,2703335,9881,3121415,0,466945,0,7712,0,78553,168670,379525,0,3121415,146921,87605,360000,2425,397146,42310,644559,249580,0,30035,39672,0,2952702,29690,101162,0,0,21212,0,0,85428,148451,30604,171,41833,3419648,466945,6372350,19
910,renaissance,2022,4590,0,31279266,8847935,0,0,40847,0,87357,251561,227,1901059,156459,53393324,21952596,1327646,50000,12932,27115745,1443800,1051871,27958,0,53393324,0,914603,78541,149479,8071650,1601976,7161429,3115085,382085,19105,921406,19300,33539179,633270,458256,10097659,10884077,3721345,16031,3462,44648,201407,16186,0,4796126,34866826,1327646,68406005,444
976,la france insoumise,2022,0,0,0,170928,381,0,190681,0,19226,98811,0,386553,167749,8972308,6720350,-4761055,58818,8482,6400000,176936,250637,139997,0,8972308,338803,1545035,481499,167188,2119076,88349,1219241,425874,105495,16908,51847,8482,12361046,0,74398,3750059,635839,742446,1107,0,274560,369808,1,28,1748739,7599991,-4761055,19961038,92
1344,horizons,2022,49155,0,0,16062,0,0,0,0,0,940,0,311190,6468,383816,0,-173019,0,0,0,163344,91012,36,0,383816,202440,0,0,0,91219,1351,218070,94899,0,188,21642,0,1002007,275120,46305,0,0,464437,0,0,0,0,0,0,13296,828988,-173019,1830996,32
